{"initial_reset_timestamp": 1594449230.8934999, "timestamps": [1594449231.212811, 1594449231.97239, 1594449232.298239, 1594449232.596535, 1594449233.520571], "episode_lengths": [54, 265, 96, 84, 287], "episode_rewards": [0.0, 0.0, 0.0, 10.0, 0.0], "episode_types": ["t", "t", "t", "t", "t"]}